도서코드,도서명,저자이름,역자이름,출판사,발행년도,도서가격,대여가능여부,총대여횟수,도서이미지,대분류번호,중분류번호,등록일자,폐기여부,도서이미지경로
0901.001-1,82년생 김지영,조남주,,1,2016.10.14,13000,0,1,,9,1,2019.07.15,0,82년생 김지영.jpg
0901.002-1,천년의 질문,조정래,,2,2016.06.11,14800,0,1,,9,1,2019.07.15,0,
0901.003-1,아몬드,손원평,,3,2017.03.31,12000,0,1,,9,1,2019.07.15,0,아몬드.jpg
0901.004-1,일의 기쁨과 슬픔,장류진,,3,2019.10.25,14000,0,1,,9,1,2019.10.25,0,
0901.005-1,직지 아모르 마네트,김진명,,4,2019.08.01,14000,0,1,,9,1,2019.10.26,0,
0901.006-1,우리가 빛의 속도로 갈 수 없다면,김초엽,,5,2019.06.24,14000,0,1,,9,1,2019.10.27,0,
0901.007-1,소년이 온다,한강,,3,2014.05.19,12000,0,1,,9,1,2019.10.27,0,
0901.008-1,날씨가 좋으면 찾아가겠어요,이도우,,6,2018.07.01,13800,0,1,,9,1,2019.10.27,0,날씨가 좋으면 찾아가겠어요.jpg
0901.009-1,빛의 과거,은희경,,7,2019.08.30,14000,0,1,,9,1,2019.10.27,0,
0901.010-1,물 만난 물고기,이찬혁,,8,2019.09.26,15000,0,1,,9,1,2019.10.27,0,
0901.011-1,내게 무해한 사람,최은영,,9,2018.06.30,13500,0,1,,9,1,2019.10.27,0,
0901.012-1,피프티 피플,정세랑,,3,2016.11.21,14000,0,1,,9,1,2019.10.27,0,
0901.013-1,지구에서 한아뿐,정세랑,,10,2019.07.31,13000,0,1,,9,1,2019.10.27,0,
0901.014-1,사서함 110호의 우편물,이도우,,6,2016.03.18,13000,0,1,,9,1,2019.10.27,0,
0901.015-1,난장이가 쏘아올린 작은공,조세희,,11,2000.07.10,11000,0,1,,9,1,2019.10.27,0,
0901.016-1,바깥은 여름,김애란,,9,2017.06.28,13000,0,1,,9,1,2019.10.27,0,
0901.017-1,채식주의자,한강,,3,2007.10.30,12000,0,1,,9,1,2019.10.27,0,
0901.018-1,디디의 우산,황정은,,3,2019.01.11,14000,0,1,,9,1,2019.10.27,0,
0901.019-1,모순,양귀자,,12,2013.04.01,13000,0,1,,9,1,2019.10.27,0,
0901.020-1,회색 인간,김동식,,13,2017.12.27,13000,0,1,,9,1,2019.10.27,0,
0901.021-1,오직 한 사람의 차지,김금희,,9,2019.08.30,13500,0,0,,9,1,2019.10.27,0,
0901.022-1,최선의 삶,임솔아,,9,2015.07.17,10000,0,0,,9,1,2019.10.27,0,
0901.023-1,사하맨션,조남주,,1,2019.05.28,14000,0,0,,9,1,2019.10.27,0,
0901.024-1,목소리를 드릴게요,정세랑,,14,2020.01.06,14800,1,1,,9,1,2020.01.06,0,
0901.025-1,살인자의 기억법,김영하,,9,2013.07.24,10000,1,3,,9,1,2020.01.06,0,
0901.026-1,설이,심윤경,,15,2019.01.24,13000,1,3,,9,1,2020.01.06,0,
0901.027-1,레몬,권여선,,3,2019.04.22,13000,1,3,,9,1,2020.01.06,0,
0901.028-1,보건교사 안은영,정세랑,,1,2015.12.07,13000,0,2,,9,1,2020.01.06,0,
0901.029-1,오직 두 사람,김영하,,9,2017.05.25,13000,0,2,,9,1,2020.01.06,0,
0901.030-1,아직 멀었다는 말,권여선,,9,2020.02.14,13500,1,2,,9,1,2020.02.14,0,아직 멀었다는 말.jpg
0901.031-1,원미동 사람들,양귀자,,12,2012.12.25,13000,0,1,,9,1,2020.02.14,0,
0901.032-1,슬픈 쥐의 윤회,김용옥,,16,2019.09.09,16000,1,2,,9,1,2020.02.14,0,
0901.033-1,아가미,구병모,,17,2018.03.30,13000,1,2,,9,1,2020.02.14,0,
0901.034-1,옥상에서 만나요,정세랑,,3,2018.11.30,13000,1,2,,9,1,2020.02.14,0,
0901.035-1,두근두근 내 인생,김애란,,3,2011.06.02,12000,1,1,,9,1,2020.02.14,0,
0901.036-1,순이 삼촌,현기영,,3,2015.03.25,13500,0,0,,9,1,2020.02.14,0,
0901.037-1,버선발 이야기,백기완,,18,2019.03.15,13500,0,0,,9,1,2020.02.14,0,
0901.038-1,파과,구병모,,17,2018.04.16,14000,0,1,,9,1,2020.02.14,0,
0901.039-1,비행운,김애란,,7,2012.07.05,12000,0,1,,9,1,2020.02.14,0,
0901.040-1,딸에 대하여,김혜진,,1,2017.09.15,13000,0,1,,9,1,2020.02.14,0,
0901.041-1,7년의 밤,정유정,,19,2011.03.23,14500,0,1,,9,1,2020.02.14,0,
0901.042-1,칼의 노래,김훈,,9,2014.01.15,13500,0,0,,9,1,2020.02.14,0,
0901.043-1,나는 나를 파괴할 권리가 있다,김영하,,9,2010.07.30,10000,0,1,,9,1,2020.02.14,0,
0901.044-1,나의 아름다운 정원,심윤경,,15,2013.11.18,11000,0,1,,9,1,2020.02.14,0,
0901.045-1,항구의 사랑,김세희,,1,2019.06.14,13000,0,1,,9,1,2020.02.14,0,
0901.046-1,나는 소망한다 내게 금지된 것을,양귀자,,12,2019.04.20,13500,0,1,,9,1,2020.02.14,0,
0901.047-1,검은 꽃,김영하,,9,2010.02.16,11000,0,1,,9,1,2020.02.14,0,
0901.048-1,파도가 바다의 일이라면,김연수,,9,2015.10.03,13000,1,1,,9,1,2020.02.14,0,
0901.049-1,엄마를 부탁해,신경숙,,3,2008.10.24,13000,1,1,,9,1,2020.02.14,0,
0901.050-1,친애하고| 친애하는,백수린,,20,2019.02.25,11200,1,1,,9,1,2020.02.14,0,
0902.001-1,누구를 위하여 종은 울리나 (상),어네스트 밀러 헤밍웨이,이종인,21,2012.07.15,10800,1,2,,9,2,2019.07.15,0,누구를 위하여 종은 울리나(상).jpg
0902.002-1,누구를 위하여 종은 울리나 (하),어네스트 밀러 헤밍웨이,이종인,21,2012.07.15,10800,1,2,,9,2,2019.07.15,0,누구를 위하여 종은 울리나(하).jpg
0902.003-1,노인과 바다,어네스트 밀러 헤밍웨이,,9,2012.01.20,8000,1,2,,9,2,2019.07.15,0,노인과 바다.jpg
0902.004-1,초판본 오만과 편견,제인 오스틴,김유미,22,2019.07.15,16800,1,2,,9,2,2019.07.15,0,초판본 오만과 편견.jpg
0902.005-1,은하수를 여행하는 히치하이커를 위한 안내서 합본,더글러스 애덤스,김선형,23,2005.12.12,38000,0,1,,9,2,2019.07.15,0,은하수를 여행하는 히치하이커를 위한 안내서 합본.jpg
0902.006-1,작은 아씨들,루이자 메이 올콧,강미경,24,2020.02.12,16500,1,2,,9,2,2020.02.12,0,작은 아씨들.jpg
0902.007-1,1984,조지 오웰,정회성,1,2003.06.16,9500,1,2,,9,2,2020.02.12,0,1984.jpg
0902.008-1,앵무새 죽이기,하퍼 리,김욱동,21,2019.02.20,12800,1,2,,9,2,2020.02.12,0,앵무새 죽이기.jpg
0902.009-1,호밀밭의 파수꾼,제롬 데이비드 샐린저,공경희,1,2001.05.30,8000,1,2,,9,2,2020.02.12,0,호밀밭의 파수꾼.jpg
0902.010-1,멋진 신세계,올더스 헉슬리,이덕형,25,2018.03.20,11500,1,2,,9,2,2020.02.12,0,멋진 신세계.jpg
0902.011-1,갈매기의 꿈,리처드 바크,공경희,26,2018.06.01,12800,0,1,,9,2,2020.02.12,0,갈매기의 꿈.jpg
0902.012-1,죽은 시인의 사회,N.H 클라인바움,한은주,27,2004.03.30,12500,0,1,,9,2,2020.02.12,0,죽은 시인의 사회.jpg
0902.013-1,내 영혼이 따뜻했던 날들,포리스트 카터,조경숙,28,2014.05.30,15000,0,1,,9,2,2020.02.12,0,내 영혼이 따뜻했던 날들.jpg
0902.014-1,빛과 물질에 관한 이론,앤드루 포터,김이선,9,2019.05.13,13800,0,1,,9,2,2020.02.12,0,빛과 물질에 관한 이론.jpg
0902.015-1,달과 6펜스,윌리엄 서머싯 몸,,1,2000.06.30,9000,0,1,,9,2,2020.02.12,0,달과 6펜스.jpg
0902.016-1,파리대왕,윌리엄 골딩,,1,1999.02.28,8500,0,1,,9,2,2020.02.12,0,파리대왕.jpg
0902.017-1,키다리 아저씨,진 웹스터,허윤정,29,2019.08.01,14800,0,1,,9,2,2020.02.12,0,키다리 아저씨.jpg
0902.018-1,플란다스의 개,위다,손인혜,29,2019.05.10,13800,0,1,,9,2,2020.02.12,0,플란다스의 개.jpg
0902.019-1,그리고 아무도 없었다,애거사 크리스티,,30,2002.05.25,10000,0,1,,9,2,2020.02.12,0,그리고 아무도 없었다.jpg
0902.020-1,빨간 머리 앤,루시 모드 몽고메리,김양미,31,2018.06.15,14800,0,1,,9,2,2020.02.12,0,빨간 머리 앤.jpg
0902.021-1,위대한 개츠비,스콧 피츠제럴드,김영하,9,2009.12.15,9500,0,1,,9,2,2020.02.12,0,위대한 개츠비.jpg
0902.022-1,나니아 연대기,C.S. 루이스,햇살과나무꾼,32,2005.11.05,38000,0,1,,9,2,2020.02.12,0,나니아 연대기.jpg
0902.023-1,레베카,대프니 듀 모리에,이상원,20,2018.08.15,14000,0,1,,9,2,2020.02.12,0,레베카.jpg
0902.024-1,리버보이,팀 보울러,정해영,33,2018.08.17,13500,0,1,,9,2,2020.02.12,0,리버보이.jpg
0902.025-1,대성당(10주년 특별판),레이먼드 카버,김연수,9,2014.07.21,14500,0,1,,9,2,2020.02.12,0,대성당(10주년 특별판).jpg
0902.026-1,폭풍의 언덕,에밀리 브론테,,1,2005.03.15,11000,0,1,,9,2,2020.02.12,0,폭풍의 언덕.jpg
0902.027-1,마션,앤디 위어,박아람,24,2015.07.24,15000,0,1,,9,2,2020.02.12,0,마션.jpg
0902.028-1,프랑켄슈타인,메리 셸리,김선형,9,2012.06.18,11000,0,1,,9,2,2020.02.12,0,프랑켄슈타인.jpg
0902.029-1,빅 픽처,더글라스 케네디,조동섭,34,2010.06.10,12000,0,1,,9,2,2020.02.12,0,빅 픽처.jpg
0902.030-1,롤리타(10주년 특별판),블라디미르 나보코프,김진준,9,2013.03.04,14000,0,1,,9,2,2020.02.12,0,롤리타(10주년 특별판).jpg
0902.031-1,실마릴리온,J. R. R. 톨킨,,35,2010.08.10,33000,0,1,,9,2,2020.02.12,0,실마릴리온.jpg
0902.032-1,대지,펄 벅,이규희,36,2014.08.01,15000,0,1,,9,2,2020.02.12,0,대지.jpg
0902.033-1,말괄량이 길들이기,윌리엄 셰익스피어,,37,2017.02.28,10000,0,1,,9,2,2020.02.12,0,말괄량이 길들이기.jpg
0902.034-1,한여름 밤의 꿈,윌리엄 셰익스피어,,1,2008.02.28,8000,0,1,,9,2,2020.02.12,0,한여름 밤의 꿈.jpg
0902.035-1,햄릿,윌리엄 셰익스피어,,1,2001.02.28,7000,0,1,,9,2,2020.02.12,0,
0902.036-1,동물농장,조지 오웰,,1,2001.02.28,7000,0,1,,9,2,2020.02.12,0,동물농장.jpg
0902.037-1,모비딕,허먼 멜빌,김석희,38,2011.05.16,22000,0,1,,9,2,2020.02.12,0,모비딕.jpg
0902.038-1,주홍글씨,너새니얼 호손,조승국,25,2004.11.15,8000,0,1,,9,2,2020.02.12,0,주홍글씨.jpg
0902.039-1,무기여 잘 있거라,어네스트 밀러 헤밍웨이,권진아,9,2020.01.10,14000,0,1,,9,2,2020.02.12,0,무기여 잘 있거라.jpg
0902.040-1,로빈슨 크루소,대니얼 디포 윈저,,39,2016.03.01,6800,0,1,,9,2,2020.02.12,0,로빈슨 크루소.jpg
0902.041-1,죽음을 선택한 남자,데이비드 발다치,이한이,40,2018.08.10,14800,0,1,,9,2,2020.02.12,0,
0902.042-1,섬에 있는 서점,개브리얼 제빈,엄일녀,41,2017.10.05,14800,0,1,,9,2,2020.02.12,0,
0902.043-1,유년기의 끝,아서 C. 클라크,정영목,6,2016.12.16,14000,0,1,,9,2,2020.02.12,0,
0902.044-1,애크로이드 살인 사건,애거사 크리스티,,42,2013.12.31,10000,0,1,,9,2,2020.02.12,0,
0902.045-1,1977,데이비드 피스,김시현,9,2020.01.31,13500,0,1,,9,2,2020.02.12,0,
0902.046-1,제인 오스틴의 말들,제인 오스틴,박명숙,43,2019.10.01,16500,0,1,,9,2,2020.02.12,0,
0902.047-1,양들의 침묵,토머스 해리스,공보경,44,2019.09.11,13500,0,1,,9,2,2020.02.12,0,
0902.048-1,사악한 여왕,세레나 발렌티노,주정자,45,2018.10.05,13000,0,1,,9,2,2020.02.12,0,
0902.049-1,그레이스,마거릿 애트우드,이은선,1,2017.10.18,15800,0,0,,9,2,2020.02.12,0,
0401.001-1,행동과학과 사회과학을 위한 통계학 입문,Arthur Aron | Elliot J. Coups | Elaine N. Aron,신현정,46,2012.02.10,27000,0,2,,4,1,2019.07.15,0,행동과학과 사회과학을 위한 통계학 입문.jpg
0401.002-1,행동과학을 위한 통계학,David C.Howell,도경수 | 박태진 | 신현정,47,2018.02.23,30000,0,2,,4,1,2019.07.15,0,행동과학을 위한 통계학.jpg
0401.003-1,사회과학을 위한 통계학,김태일| 노화준,,48,2018.03.05,32000,0,2,,4,1,2019.07.15,0,사회과학을 위한 통계학.jpg
0401.004-1,인구 통계학의 이론과 실제,박정수| 구자홍,,49,2016.02.29,18000,0,2,,4,1,2019.07.15,0,인구 통계학의 이론과 실제.jpg
0401.005-1,닥터 현의 학위논문을 위한 통계학강의,현상규,,50,2016.05.18,15000,0,2,,4,1,2019.07.15,0,닥터 현의 학위논문을 위한 통계학강의.jpg
0401.006-1,사회통계학(사회조사분석사 대비),이기성| 남기성,,51,2009.01.30,23000,0,3,,4,1,2019.07.15,0,
0401.007-1,사회복지 조사방법론,김귀한,,52,2005.08.20,15000,0,3,,4,1,2019.07.15,0,사회복지 조사방법론.jpg
0401.008-1,빈곤통계의 작성과 활용,김주환,,53,2007.09.15,10500,0,3,,4,1,2019.07.15,0,빈곤통계의 작성과 활용.jpg
0401.009-1,통합연구방법론,ABBAS TASHAKKORI 외 ,염시창,47,2001.09.20,13000,0,3,,4,1,2019.07.15,0,통합연구방법론.jpg
0401.010-1,사회복지조사방법론,최성재,,54,2005.04.20,28000,0,3,,4,1,2019.07.15,0,사회복지조사방법론.jpg
0401.011-1,점쟁이와 통계학자 : 변평섭 칼럼집,변평섭,,55,2018.11.30,15000,0,3,,4,1,2019.07.15,0,점쟁이와 통계학자 - 변평섭 칼럼집.jpg
0401.012-1,사회과학 연구를 위한 통계학,권대훈,,47,2018.02.20,24000,0,3,,4,1,2019.07.15,0,사회과학 연구를 위한 통계학.jpg
0401.013-1,언어학자를 위한 통계학,David Eddington,홍성훈,56,2017.12.26,28000,0,3,,4,1,2019.07.15,0,언어학자를 위한 통계학.jpg
0401.014-1,통계학의 이해,송혜향| 김동재,,57,2015.08.30,24000,0,3,,4,1,2019.07.15,0,통계학의 이해.jpg
0401.015-1,거짓말로 배우는 10대들의 통계학,권재원,,58,2014.03.05,12000,0,3,,4,1,2019.07.15,0,거짓말로 배우는 10대들의 통계학..jpg
0401.016-1,법은 왜 부조리한가,레오 카츠,이주만,59,2012.06.21,15000,0,3,,4,1,2019.07.15,0,법은 왜 부조리한가.jpg
0401.017-1,법과 통계학,허명회,,60,2012.08.30,18000,0,3,,4,1,2019.07.15,0,법과 통계학.jpg
0401.018-1,행정통계학,김호정,,61,2016.02.17,23000,0,3,,4,1,2019.07.15,0,행정통계학.jpg
0401.019-1,사회조사방법론,EARL R. BABBIE,고성호| 김광기| 김상욱,62,2007.01.15,30000,0,3,,4,1,2019.07.15,0,사회조사방법론.jpg
0401.020-1,한글 SPSS를 활용한 사회복지 자료분석론,이기성| 정기문,,51,2007.10.20,17000,0,3,,4,1,2019.07.15,0,한글 SPSS를 활용한 사회복지 자료분석론.jpg
0402.001-1,인구 감소 사회는 위험하다는 착각,우치다 타츠루| 강상중 외,김영주,17,2019.12.24,15000,1,2,,4,2,2019.07.15,0,인구 감소 사회는 위험하다는 착각.jpg
0402.002-1,젠더는 해롭다,쉴라 제프리스,유혜담,63,2019.09.20,22000,0,1,,4,2,2019.09.20,0,젠더는 해롭다.jpg
0402.003-1,코끼리는 생각하지 마,조지 레이코프,유나영,59,2018.05.20,13000,0,1,,4,2,2019.09.20,0,코끼리는 생각하지 마.jpg
0402.004-1,정치학의 이해,서울대학교 정치외교학부 정치학 전공 교수진,,64,2019.03.10,23000,0,1,,4,2,2019.09.20,0,정치학의 이해.jpg
0402.005-1,어떻게 민주주의는 무너지는가,스티븐 레비츠키| 대니얼 지블랫,박세연,65,2018.10.02,16800,0,1,,4,2,2019.09.20,0,어떻게 민주주의는 무너지는가.jpg
0402.006-1,정치사상사-헤로도토스에서 현재까지,앨런 라이언,남경태| 이광일,9,2017.11.30,55000,0,1,,4,2,2019.09.20,0,정치사상사-헤로도토스에서 현재까지.jpg
0402.007-1,정치는 어떻게 시간을 통제하는가?,엘리자베스.F.코헨,최이현,66,2019.12.20,16500,0,1,,4,2,2019.12.20,0,정치는 어떻게 시간을 통제하는가.jpg
0402.008-1,비통한 자들을 위한 정치학,파커.J.파머,김찬호,67,2012.03.26,15000,0,1,,4,2,2019.12.20,0,비통한 자들을 위한 정치학.jpg
0402.009-1,나는 진보인데 왜 보수의 말에 끌리는가?,죠지 레이코프| 엘리자베스 웨홀링,나익주,68,2018.03.05,14000,0,1,,4,2,2019.12.20,0,나는 진보인데 왜 보수의 말에 끌리는가.jpg
0402.010-1,미중 패권 경쟁과 한국의 전략,이춘근,,69,2016.05.27,15000,0,0,,4,2,2019.12.20,0,미중 패권 경쟁과 한국의 전략.jpg
0402.011-1,통일과 인간중심의 정치학,노태구,,70,2020.02.22,13800,0,0,,4,2,2020.02.22,0,통일과 인간중심의 정치학.jpg
0402.012-1,융합의 시야로 본 사회과학,견진만,,71,2020.01.30,14000,0,1,,4,2,2020.02.22,0,융합의 시야로 본 사회과학.jpg
0402.013-1,대중의 국제정치학,김지원 외,,72,2019.12.20,18000,0,0,,4,2,2020.02.22,0,대중의 국제정치학.jpg
0402.014-1,힙합 청소년 정치학,강제명,,73,2019.11.08,14000,0,0,,4,2,2020.02.22,0,힙합 청소년 정치학.jpg
0402.015-1,세계체제와 아프리카,이매뉴얼 월러스틴,성백용,3,2019.11.05,22000,0,0,,4,2,2020.02.22,0,세계체제와 아프리카.jpg
0402.016-1,강제명 정치학,강제명,,74,2019.10.02,36000,0,0,,4,2,2020.02.22,0,강제명 정치학.jpg
0402.017-1,신학| 정치를 다시 묻다,윌리엄.T.캐버너,손민석,75,2019.10.01,13000,0,0,,4,2,2020.02.22,0,신학 정치를 다시 묻다.jpg
0402.018-1,아라크네의 국제정치학,김상배,,76,2019.09.30,37500,0,0,,4,2,2020.02.22,0,아라크네의 국제정치학.jpg
0402.019-1,정치외교학과 진로개발,이태동| 백우열| 최선,,77,2019.08.30,18000,0,0,,4,2,2020.02.22,0,정치외교학과 진로개발.jpg
0402.020-1,이 정도는 알아야 할 정치의 상식,신동기,,78,2019.03.27,14500,0,0,,4,2,2020.02.22,0,이 정도는 알아야 할 정치의 상식.jpg
0501.001-1,캠벨 생명과학,캠벨,전상학,79,2019.05.30,60000,0,1,,5,1,2019.09.30,0,캠벨 생명과학.jpg
0501.002-1,바이러스,메릴린 루싱크,강영옥,80,2019.09.30,28000,0,1,,5,1,2019.09.30,0,바이러스.jpg
0501.003-1,미술관에 간 의학자,박광혁,,81,2017.11.27,18000,0,1,,5,1,2019.09.30,0,미술관에 간 의학자.jpg
0501.004-1,에덴의 용,칼 세이건,임지원,82,2014.03.28,16000,0,1,,5,1,2019.09.30,0,에덴의 용.jpg
0501.005-1,생명과학교육론,김영신 외,,51,2017.02.15,35000,0,1,,5,1,2019.09.30,0,생명과학교육론.jpg
0501.006-1,생명과학을 쉽게 쓰려고 노력했습니다.,박종현,,83,2019.02.11,16000,0,1,,5,1,2019.09.30,0,생명과학을 쉽게 쓰려고 노력했습니다.jpg
0501.007-1,바이오사이언즈의 이해-한국의 신약개발 바이오테크를 중심으로,이기형 외,,84,2017.06.20,25000,0,1,,5,1,2019.09.30,0,바이오사이언즈의 이해-한국의 신약개발 바이오테크를 중심으로.jpg
0501.008-1,생명이란 무엇인가,에르빈 슈뢰딩거,서인석| 황상익,85,2020.01.22,16500,0,1,,5,1,2020.01.22,0,생명이란 무엇인가.jpg
0501.009-1,비커 군과 교과서 친구들의 수상한 과학책,우에타니 부부,임지인,80,2019.02.18,13000,0,0,,5,1,2020.01.22,0,비커 군과 교과서 친구들의 수상한 과학책.jpg
0501.010-1,나쁜 과학자들,비키 오랜스키 위튼스타인,안희정,58,2014.06.27,11000,0,0,,5,1,2020.01.22,0,나쁜 과학자들.jpg
0501.011-1,생명과학(개념과 현상의 이해),Taylor | simon | dicky | hogan | reexe,김명원 외,86,2018.03.01,35000,0,0,,5,1,2020.01.22,0,생명과학(개념과 현상의 이해).jpg
0501.012-1,트랜스 휴머니즘,플로랑스 피노,권지현,87,2019.12.25,13000,0,0,,5,1,2020.01.22,0,트랜스 휴머니즘.jpg
0501.013-1,생명과학| 공학을 만나다,유영제,,88,2019.12.20,25000,0,0,,5,1,2020.01.22,0,생명과학 공학을 만나다.jpg
0501.014-1,생명을 위협하는 과학 뒤집기,폴 A. 오핏,곽영직,89,2019.11.10,21000,0,0,,5,1,2020.01.22,0,생명을 위협하는 과학 뒤집기.jpg
0501.015-1,괴물의 탄생,캐스린 하쿠프,김아림,90,2019.03.29,17000,0,0,,5,1,2020.01.22,0,괴물의 탄생.jpg
0501.016-1,뷰티풀 사이언즈,아이리스 코틀립,김아림,91,2019.03.15,15800,0,0,,5,1,2020.01.22,0,뷰티풀 사이언즈.jpg
0501.017-1,생명과학 이론과 응용,송민동,,86,2019.03.01,38000,0,0,,5,1,2020.01.22,0,생명과학 이론과 응용.jpg
0501.018-1,모든 것의 시작에 대한 짤고 확실한 지식,위베르 리브스 외,문경자,92,2019.02.12,15000,0,0,,5,1,2020.01.22,0,모든 것의 시작에 대한 짤고 확실한 지식.jpg
0501.019-1,좋은 균| 나쁜 균| 이상한 균,류충민,,93,2019.01.31,16500,1,1,,5,1,2020.01.22,0,좋은 균 나쁜 균 이상한 균.jpg
0501.020-1,질병 정복의 꿈| 바이오 사이언스,이성규,,94,2019.01.30,15000,0,0,,5,1,2020.01.22,0,질병 정복의 꿈 바이오 사이언스.jpg
0502.001-1,코스모스,칼 세이건,홍승수,82,2010.01.20,18500,1,2,,5,2,2019.07.15,0,코스모스.jpg
0502.002-1,우리는 모두 별에서 왔다,윤성철,,95,2020.01.29,17000,0,1,,5,2,2020.01.29,0,우리는 모두 별에서 왔다.jpg
0502.003-1,청소년을 위한 코스모스,에마뉘엘 보두엥| 카트린 에벙 보두엥,홍은주,96,2016.07.04,15000,0,1,,5,2,2020.01.29,0,청소년을 위한 코스모스.jpg
0502.004-1,천문학 사전,후타미세 도시후미| 나카무라 도시히로,조민정,97,2018.10.25,18000,0,1,,5,2,2020.01.29,0,천문학 사전.jpg
0502.005-1,시간의 역사,스티븐 호킹,김동광,91,1998.05.15,23000,1,2,,5,2,2020.01.29,0,시간의 역사.jpg
0502.006-1,웰컴 투 더 유니버스,닐 디그래스 타이슨 외,이강환,66,2019.09.30,38000,0,1,,5,2,2020.01.29,0,웰컴 투 더 유니버스.jpg
0502.007-1,천문학 및 천제물리학,Michael Zeilik | Stephen A. Gregory ,강혜정 외,62,2015.02.09,39000,0,1,,5,2,2020.01.29,0,천문학 및 천제물리학.jpg
0502.008-1,날마다 천체 물리,닐 디그래스 타이슨,홍승수,82,2018.02.28,12500,0,0,,5,2,2020.01.29,0,날마다 천체 물리.jpg
0502.009-1,재밌어서 밤새 읽는 천문학 이야기,아가타 히데히코,박재영,80,2018.12.10,12000,0,0,,5,2,2020.01.29,0,재밌어서 밤새 읽는 천문학 이야기.jpg
0502.010-1,과학책은 처음입니다만,이정모,,98,2019.04.10,17000,0,0,,5,2,2020.01.29,0,과학책은 처음입니다만.jpg
0502.011-1,남극점에서 본 우주,김준한| 강재환,,6,2019.11.25,16000,0,0,,5,2,2020.01.29,0,남극점에서 본 우주.jpg
0502.012-1,명왕성 연대기,닐 디그래스 타이슨,김유제,82,2019.08.24,16500,0,0,,5,2,2020.01.29,0,명왕성 연대기.jpg
0502.013-1,14살에 시작하는 처음 천문학,곽영직,,99,2019.07.04,14000,0,0,,5,2,2020.01.29,0,14살에 시작하는 처음 천문학.jpg
0502.014-1,심심할 때 우주 한 조각,콜린 스튜어트,허성심,100,2019.06.25,15800,1,1,,5,2,2020.01.29,0,심심할 때 우주 한 조각.jpg
0502.015-1,침묵하는 우주,폴 데이비스,문홍규| 이명헌,82,2019.04.30,22000,0,0,,5,2,2020.01.29,0,침묵하는 우주.jpg
0502.016-1,블랙홀과 시간여행,킵 S. 손,박일호,101,2019.03.20,25000,0,0,,5,2,2020.01.29,0,블랙홀과 시간여행.jpg
0502.017-1,어크로스 더 유니버스,김지현| 김동훈,,81,2019.01.21,20000,0,0,,5,2,2020.01.29,0,어크로스 더 유니버스.jpg
0502.018-1,NASA 지구와 우주를 기록하다,NASA,박성래,102,2019.01.10,25000,0,0,,5,2,2020.01.29,0,NASA 지구와 우주를 기록하다.jpg
0502.019-1,별하늘이 좋아,고마이 니나코,최춘성,103,2018.12.24,13000,0,0,,5,2,2020.01.29,0,별하늘이 좋아.jpg
0502.020-1,천문학 콘서트,이광식,,80,2018.09.24,18000,0,0,,5,2,2020.01.29,0,천문학 콘서트.jpg
0701.001-1,스즈키 바이올린 교본,편집부,,104,2009.12.17,12000,0,0,,7,1,2019.07.15,0,
0701.002-1,포인트 기타교본,삼호ETM 편집부,,105,2009.07.15,9000,1,1,,7,1,2019.07.15,0,
0701.003-1,미치도록 쉬운 기타,강경애,,105,2010.04.30,12000,1,1,,7,1,2019.07.15,0,
0701.004-1,플루트교실,정효숙,,106,2006.12.29,10000,0,0,,7,1,2019.07.15,0,
0701.005-1,포인트간추린체르니100,편집부,,106,2004.12.21,4000,0,0,,7,1,2019.07.15,0,
0701.006-1,한 권으로 듣는 클래식,샘 잭슨,,107,2020.02.10,15000,1,1,,7,1,2020.02.10,0,한 권으로 듣는 클래식.jpg
0702.001-1,조형의 원리,데이비드 A.라우어,,108,2002.01.15,18000,0,0,,7,2,2020.02.10,0,
0702.002-1,윤세희 선생님의 리본코사지와 리본소품,윤세희,,109,2012.05.03,22000,0,0,,7,2,2020.02.10,0,
0702.003-1,소원이 이루어지는 미산가 실팔찌,홍수아,,110,2012.07.15,13000,0,0,,7,2,2020.02.10,0,
0702.004-1,피규어의 달인,모형의 왕국,,111,2011.06.16,19800,0,0,,7,2,2020.02.10,0,
0702.005-1,목공 기초,Peter Korn,,112,2013.07.22,22000,0,0,,7,2,2020.02.10,0,
0702.006-1,친절한 가죽공예 DIY,국영주,,113,2012.05.10,35000,0,0,,7,2,2020.02.10,0,
0702.007-1,가죽공예의 기초,노타니 쿠니코,,114,2014.07.21,15000,0,0,,7,2,2020.02.10,0,
0702.008-1,도예장식기법,김병억,,115,1999.04.10,20000,0,0,,7,2,2020.02.10,0,
0702.009-1,한국전통목가구,박영규,,116,2011.10.15,48000,0,0,,7,2,2020.02.10,0,
0702.010-1,공예란 무엇인가,하워드 리사티,,117,2011.04.15,20000,0,0,,7,2,2020.02.10,0,
0702.011-1,쉽고 재미있게 배우는 도자기 핸드페인팅,권숙자,,118,2012.02.22,16000,0,0,,7,2,2020.02.10,0,
0702.012-1,피규의의 교과서 원형입문편,모형의왕국,,111,2014.07.10,19800,0,0,,7,2,2020.02.10,0,
0702.013-1,행복한 종이 오리기,이마모리 미쓰히코,,119,2009.04.20,10800,0,0,,7,2,2020.02.10,0,
0101.001-1,한번에 통과하는 논문,김성은,,120,2017.11.05,18900,2,0,,1,1,2019.07.15,0,
0101.002-1,소논문 읽기로 알아보는 한국어 논문 쓰기,이윤진,,121,2017.03.10,18000,2,0,,1,1,2019.07.15,0,
0101.003-1,논문자료 탐색과 논문작성법,노영희,,122,2015.08.30,25000,2,0,,1,1,2019.07.15,0,
0102.001-1,백과사전 자연의학,마이클 T,정성한,123,2009.07.24,85000,1,2,,1,2,2019.07.16,0,
0102.002-1,백과사전에도 없는 바티칸이야기,니노 로 벨로,이영수,124,2001.08.17,6800,1,2,,1,2,2019.07.17,0,
0102.003-1,마블 백과사전,톰 드팔코,이규원,6,2015.12.25,40000,1,2,,1,2,2019.07.18,0,
0102.004-1,홈베이킹 백과사전,브레드가든,,125,2008.09.23,18000,1,2,,1,2,2019.07.19,0,
0102.005-1,위험한 백과사전,로라불러,이한음,126,2011.07.15,25000,1,2,,1,2,2019.07.20,0,
0102.006-1,총기 백과사전,마틴 도허티,양혜경,127,2016.12.01,35000,1,2,,1,2,2019.07.21,0,
0102.007-1,산야초 백과사전,주의린,,128,2014.03.27,30000,1,1,,1,2,2019.07.22,0,
0201.001-1,강신주의 감정수업,강신주,,1,2013.11.15,19500,0,1,,2,1,2019.07.15,0,
0201.002-1,담론,신영복,,129,2015.04.20,18000,0,1,,2,1,2019.07.15,0,
0201.003-1,동양철학을 말한다,이케다 다이사쿠,,130,2016.07.03,12000,0,1,,2,1,2019.07.15,0,
0201.004-1,논어,공자,,131,2016.02.15,15000,0,1,,2,1,2019.07.15,0,
0201.005-1,성학집요,율곡이이,,132,2007.09.05,32000,0,2,,2,1,2019.07.15,0,
0201.006-1,다산선생 지식경영법,정민,,133,2006.11.25,25000,0,2,,2,1,2019.07.15,0,
0201.007-1,생각하는 힘 노자 인문학,최진석,,17,2015.03.12,14800,0,2,,2,1,2019.07.15,0,
0202.001-1,초역 니체의 말,시라토리하루히코,,134,2010.11.05,12000,0,2,,2,2,2019.07.15,0,
0202.002-1,플라톤의 국가 정체,플라톤,,135,2005.04.30,35000,0,2,,2,2,2019.07.15,0,
0202.003-1,군주론,니콜로마키아벨리,,91,2008.05.20,8000,0,2,,2,2,2019.07.15,0,
0202.004-1,자유론,존스튜어트밀,,23,2005.01.05,7900,0,2,,2,2,2019.07.15,0,
0202.005-1,러셀 서양철학사,버트런드 러셀,,136,2009.10.30,38000,0,2,,2,2,2019.07.15,0,
0202.006-1,소크라테스의 변명,플라톤,,25,1999.02.10,12000,0,2,,2,2,2019.07.15,0,
0202.007-1,플라톤의 대화편-개정판,플라톤,,137,2008.06.27,13000,0,2,,2,2,2019.07.15,0,
0301.001-1,세 종교이야기,홍익희,,138,2014.08.27,22000,0,0,,3,1,2019.07.15,0,
0301.002-1,성경의 탄생,존 드레인,,139,2011.01.15,27000,0,0,,3,1,2019.07.15,0,
0301.003-1,1세기 교회 예배 이야기,로버트 뱅크스,,140,2017.06.16,6000,0,0,,3,1,2019.07.15,0,
0301.004-1,세계 종교 둘러보기,오강남,,141,2013.08.26,18000,0,0,,3,1,2019.07.15,0,
0301.005-1,특강 종교개혁사,황희상,,142,2016.10.31,25000,0,0,,3,1,2019.07.15,0,
0302.001-1,천하무적 아르뱅주의,신광은,,143,2014.02.12,18000,0,0,,3,2,2019.07.15,0,
0302.002-1,종교전쟁,신대식,,144,2009.06.12,22000,0,0,,3,2,2019.07.15,0,
0302.003-1,또 다른 예수,오강남,,145,2009.05.10,16000,0,0,,3,2,2019.07.15,0,
0302.004-1,그대는 불멸의 존재다,개리 레너드,,146,2011.11.17,15000,0,0,,3,2,2019.07.15,0,
0302.005-1,신의 흔적을 찾아서,바바라 해거티,,133,2013.08.12,14000,0,0,,3,2,2019.07.15,0,
0601.001-1,인공지능과 딥러닝,마쓰오 유타카,,147,2015.12.10,15000,1,1,,6,1,2019.07.15,0,
0601.002-1,도구와 기계의 원리 NOW,데이비드 맥컬레이,,148,2016.12.16,38000,1,1,,6,1,2019.07.15,0,
0601.003-1,사출성형 불량대책 사례집,기타가와 가즈아키,,149,2011.03.10,210000,0,0,,6,1,2019.07.15,0,
0601.004-1,디지털 논리회로,임석구,,120,2015.07.06,27000,0,0,,6,1,2019.07.15,0,
0601.005-1,승강기 기사 산업기사,최기호,,150,2015.03.02,25000,0,0,,6,1,2019.07.15,0,
0601.006-1,도해전투기,기와노 요시유키,,111,2011.04.25,13000,0,0,,6,1,2019.07.15,0,
0601.007-1,머시닝센타 프로그램과 가공,배종외,,151,2012.02.13,20000,0,0,,6,1,2019.07.15,0,
0601.008-1,움직이는 사물의 비밀,더스틴 로버츠,,152,2012.12.10,22000,0,0,,6,1,2019.07.15,0,
0601.009-1,자전거정비 분해조립편,장기철,,153,2014.04.10,28000,0,0,,6,1,2019.07.15,0,
0601.010-1,기계 공작법,이성영,,154,2011.02.25,26000,0,0,,6,1,2019.07.15,0,
0601.011-1,기계 금속재료 데이터북,메카피아,,150,2012.05.15,22000,0,0,,6,1,2019.07.15,0,
0601.012-1,엔진은 이렇게 되어있다,사와타리 쇼지,,155,2009.01.10,110000,0,0,,6,1,2019.07.15,0,
0601.013-1,신 일반기계공학,조성철,,156,2010.02.20,18000,0,0,,6,1,2019.07.15,0,
0601.014-1,휴보이즘,전승민,,94,2014.02.17,15000,0,0,,6,1,2019.07.15,0,
0601.015-1,자동차를 알고싶다,위을복,,157,2015.12.07,35000,0,0,,6,1,2019.07.15,0,
0601.016-1,모터를 알고싶다,정옥자,,158,2011.08.10,15000,0,0,,6,1,2019.07.15,0,
0602.001-1,침묵의 봄,레이첼카슨,,159,2011.12.30,18000,0,0,,6,2,2019.07.15,0,
0602.002-1,한국조경수목핸드북,김용식,,160,2010.11.30,30000,0,0,,6,2,2019.07.15,0,
0602.003-1,도시계획론,대한국토도시계획학회,,161,2016.03.10,30000,0,0,,6,2,2019.07.15,0,
0602.004-1,도시설계 - 장소만들기의 여섯 차원,강홍빈,,162,2009.04.30,27000,0,0,,6,2,2019.07.15,0,
0602.005-1,동양조경문화사,한국전통조경학회,,162,2011.03.08,30000,0,0,,6,2,2019.07.15,0,
0602.006-1,착한 도시가 지구를 살린다,정혜진,,163,2007.11.07,10000,0,0,,6,2,2019.07.15,0,
0602.007-1,푸른길과 옛 기찻길 동네,조동범,,164,2007.12.07,9800,0,1,,6,2,2019.07.15,0,
0602.008-1,생태도시 아바나의 탄생,요시다타로,,165,2016.03.29,14000,0,1,,6,2,2019.07.15,0,
0602.009-1,바다가 죽은 날,리키 오트,,166,2011.11.10,25000,0,1,,6,2,2019.07.15,0,
0602.010-1,우리 풍토에 맞는 생태하천,변찬우,,164,2010.06.17,20000,0,1,,6,2,2019.07.15,0,
0602.011-1,자연환경생태복원학원론,김귀곤,,167,2004.04.10,25000,0,1,,6,2,2019.07.15,0,
0602.012-1,자연재해로부터 우리 가족 지키기,편집부,,168,2012.01.01,6000,0,0,,6,2,2019.07.15,0,
0602.013-1,우리의 선택,엘 고어,,169,2010.04.12,28000,0,0,,6,2,2019.07.15,0,
0602.014-1,한반도의 댐,박치현,,170,2011.05.26,27000,0,0,,6,2,2019.07.15,0,
0801.001-1,EBS교육방송 한국어 능력시험 TOPIK 2,한국어능력시험연구회,,171,2014.06.10,14000,0,1,,8,1,2019.07.15,0,
0801.002-1,NEW서강한국어2B-S/B,최정순,,172,2008.10.20,26000,0,1,,8,1,2019.07.15,0,
0801.003-1,한국어 교육을 위한 한국어학,황경수,,173,2009.08.29,18000,0,1,,8,1,2019.07.15,0,
0801.004-1,국어지식탐구-국어교육을위한국어학개론,김광해,,174,1999.11.10,18000,0,1,,8,1,2019.07.15,0,
0801.005-1,한국어능력시험 TOPIK2(토픽2)쓰기,정은화,,171,2020.01.10,14000,0,1,,8,1,2020.01.10,0,
0802.001-1,가장 쉬운 스페인어 첫걸음의 모든 것,박기호,,175,2007.01.05,14500,0,1,,8,2,2019.07.15,0,
0802.002-1,내게는 특별한 스페인어를 부탁해,조혜진,,176,2011.08.19,14500,0,1,,8,2,2019.07.15,0,
0802.003-1,국가대표 이탈리아어 완전 첫걸음,이기철,,177,2009.12.25,14900,0,1,,8,2,2019.07.15,0,
0802.004-1,입에서 톡 이탈리아어,이기철,,178,2011.06.10,18000,0,1,,8,2,2019.07.15,0,
0802.005-1,터키어회화 첫걸음,김대성,,179,2007.08.20,13000,0,1,,8,2,2019.07.15,0,
1001.001-1,거꾸로 읽는 세계사,유시민,,180,2008.06.05,13000,0,2,,10,1,2019.07.17,0,
1001.002-1,나의 문화유산답사기 일본편,유홍준,,3,2013.07.24,16500,0,2,,10,1,2019.07.17,0,
1001.003-1,설민석의 삼국지,설민석,,181,2019.07.17,22000,0,2,,10,1,2019.07.17,0,
1001.004-1,사기열전,사마천,,1,2014.06.10,28000,0,2,,10,1,2019.07.17,0,
1001.005-1,국화와 칼,루스 베네딕트,,136,2008.11.15,10000,0,2,,10,1,2019.07.17,0,
1001.006-1,한국인을 위한 중국사,신성곤,,182,2004.04.07,22000,0,3,,10,1,2019.07.17,0,
1001.007-1,동양사 개론,신채식,,61,2009.02.20,35000,0,3,,10,1,2019.07.17,0,
1001.008-1,터키| 1만 년의 시간여행,유재원,,183,2010.04.25,22000,0,3,,10,1,2019.07.17,0,
1001.009-1,삼국지 강의,이중톈,,133,2007.05.19,16000,0,3,,10,1,2019.07.17,0,
1001.010-1,일본역사,연민수,,184,1998.11.10,10000,0,3,,10,1,2019.07.17,0,
1002.001-1,죽기 전에 한 번은 유대인을 만나라,랍비 조셉 텔루슈킨,,185,2012.05.07,28000,0,3,,10,2,2019.07.15,0,
1002.002-1,로마인 이야기,시오노나나미,,186,1995.09.30,11000,0,3,,10,2,2019.07.15,0,
1002.003-1,역사,헤로도토스,,187,2009.02.10,310000,0,3,,10,2,2019.07.16,0,
1002.004-1,술탄과 황제,김형오,,95,2012.11.21,25000,0,2,,10,2,2019.07.17,0,
1002.005-1,서양문화사,민석홍,,188,2006.02.20,110000,0,2,,10,2,2019.07.18,0,
1002.006-1,대항해시대,주경철,,189,2008.03.10,23000,0,0,,10,2,2019.07.19,0,
1002.007-1,유러피언 드림,제러미리프킨,,1,2005.01.18,22000,0,0,,10,2,2019.07.20,0,
1002.008-1,청소년을 위한 세계사(서양편),이강무,,190,2002.09.25,15000,0,0,,10,2,2019.07.21,0,
1002.009-1,하워드 진 살아있는 미국역사,하워드 진,,191,2008.03.25,13000,0,0,,10,2,2019.07.22,0,
1002.010-1,그리스:고대문명의 역사와 보물,스테파노마기,,192,2008.01.31,34000,0,0,,10,2,2019.07.23,0,
1002.011-1,칭기스칸 잠든 유럽을 깨우다,잭 웨더포드,,193,2005.03.28,14000,0,1,,10,2,2019.07.24,0,
1002.012-1,처음 읽는 아프리카의 역사,루츠판다이크,,194,2005.09.30,15000,0,1,,10,2,2019.07.25,0,
1002.013-1,단군의 나라 카가흐스탄,김정민,,195,2016.04.15,20000,0,1,,10,2,2019.07.26,0,
1002.014-1,서양사 강의,배영수,,76,2009.02.09,24000,0,1,,10,2,2019.07.27,0,
1002.015-1,북유럽 이야기,김민주,,196,2014.01.27,14000,0,1,,10,2,2019.07.28,0,북유럽 이야기.jpg
