회원ID,회원비밀번호,회원이름,회원생년월일,우편번호,기본주소,상세주소,회원전화번호,회원 이미지,총대여권수,대여도서권수,등급,대여가능여부,가입일,탈퇴여부,연체횟수,회원이미지경로
jojo123@naver.com,123,조조,1990.11.09,41521,대구광역시 북구 모산골길 10-17,,010-2340-1234,,56,5,2,0,2019.08.15,0,0,조조.jpg
rekl3@gamil.com,fdassd11,조비,1954.02.23,41512,대구광역시 북구 검단로31길 14-10,,010-2340-1235,,56,0,2,0,2019.08.15,0,0,
ferw2@naver.com,rewrewwre2,조인,1943.11.23,41511,대구광역시 북구 검단북로40길 11,,010-2340-1236,,10,0,1,0,2019.08.15,0,0,
rwe232@gamil.com,d23fdsasd,조홍,1988.09.08,41507,대구광역시 북구 검단북로11길 11-21,,010-2340-1237,,10,0,1,0,2019.08.15,0,0,
ya2354fr@yahoo.com,fdsdfsa3,조창,1999.10.10,41507,대구광역시 북구 검단북로11길 11-22,,010-2340-1238,,10,5,1,0,2019.08.15,0,0,
sdksdl@daum.net,dg333,순욱,1992.10.28,41508,대구광역시 북구 검단공단로 74,,010-2340-1239,,10,0,1,0,2019.08.15,0,0,
fivestar@nate.com,fsa233,순유,1974.01.11,41511,대구광역시 북구 검단로41길 26,,010-2340-1240,,10,0,1,0,2019.08.15,0,0,
ku0788@naver.com,24323dfs,곽가,2000.11.11,41508,대구광역시 북구 검단공단로 70,,010-2340-1241,,10,1,1,0,2019.08.15,0,0,
ddr23dd@naver.com,dsasd3,정욱,1930.11.22,41507,대구광역시 북구 검단북로 157,,010-2340-1242,,10,1,1,0,2019.08.15,0,0,
samson28345@gmail.com,dsafsdasd3,하후돈,1922.10.23,41511,대구광역시 북구 검단로 195,,010-2340-1243,,10,0,1,0,2019.08.15,0,0,
fdfsdasd@naver.com,asdafdawrjkl,하후연,1940.12.12,41511,대구광역시 북구 검단로 49길 30-11,,010-2340-1244,,10,0,1,0,2019.08.15,0,0,
ggg243r4@gmail.com,dsadfsre,장합,1961.12.31,41521,대구광역시 북구 검단로 46길 5,,010-2340-1245,,10,3,1,0,2019.08.15,0,0,
sexybot@naver.com,fdsaadr2567,장료,1961.03.05,41509,대구광역시 북구 검단로 27길 80,,010-2340-1246,,10,0,1,0,2019.08.15,0,0,
xodnjs1218@naver.com,12345,허저,1988.07.08,41507,대구광역시 북구 검단북로41길 53-36,,010-2340-1247,,14,2,1,0,2019.08.15,0,4,허저.jpg
ssdfr@daum.net,fasdfasd3423,사마의,1989.11.11,41512,대구광역시 북구 검단동로 17-16,,010-2340-1248,,10,0,1,0,2019.08.15,1,0,
ssssrr3@yahoo.com,fasddfa432,등애,1991.11.23,41508,대구광역시 북구 검단공단로 72,,010-2340-1249,,10,0,1,0,2019.08.15,0,0,
fddrewe@gmail.com,arnnmh3jk3,만총,1994.12.25,41511,대구광역시 북구 검단북로 198,,010-2340-1250,,10,0,1,0,2019.08.15,0,0,
dsjlreew@gmail.com,3h3l3l,문앙,1992.12.30,41511,대구광역시 북구 검단북로 200,,010-2340-1251,,5,0,1,0,2019.08.15,0,0,
dsslsd@gmail.com,reoawe323,서황,1954.12.22,41511,대구광역시 북구 검단로 49길 31,,010-2340-1252,,5,5,1,0,2019.08.15,0,0,
fsdshfdjkfsd@naver.com,ajrlajarkj44,왕쌍,1958.05.08,41511,대구광역시 북구 검단공단로21길 19,,010-2340-1253,,5,0,1,0,2019.08.15,1,0,
mamatellme@gmail.com,rewiowe3366,우금,1980.08.10,41503,대구광역시 북구 검단북로 40길 18,,010-2340-1254,,5,4,1,0,2019.08.15,0,0,
daddystop@gmail.com,airopwieop3678,이전,1984.08.04,41503,대구광역시 북구 검단동로4길 16-4,,010-2340-1255,,5,0,1,0,2019.08.15,0,0,
phonehu@gmail.com,trjrkwltjel3uoiuio,악진,1974.07.04,41511,대구광역시 북구 검단로 41길 18-1,,010-2340-1256,,5,0,1,0,2019.08.15,0,0,
ddongtree@naver.com,roirepo579,장패,1958.08.02,41511,대구광역시 북구 검단로 41길 15,,010-2340-1257,,1,0,1,0,2019.08.15,0,0,
sangjiman@gmail.com,jtrirej4959,전예,1969.06.09,41511,대구광역시 북구 검단북로 178,,010-2340-1258,,1,0,1,0,2019.08.15,0,0,
fivetenda@yahoo.com,rhiotretreire836,조염,1982.08.02,41511,대구광역시 북구 검단로49길 46,,010-2340-1259,,1,0,1,0,2019.08.15,0,0,
friendlyship12@gmail.com,jatrkrjele3jlki3,조휴,1917.01.07,41507,대구광역시 북구 검단로49길 48,,010-2340-1260,,1,1,1,0,2019.08.15,0,0,
sexyhotdog12@gmail.com,twjtirej795,하후패,1953.05.03,41511,대구광역시 북구 검단동로 27-12,,010-2340-1261,,1,1,1,0,2019.08.15,0,0,
gotdog24@naver.com,relkjeri58,하후상,1975.07.05,41511,대구광역시 북구 검단동로 27-14,,010-2340-1262,,1,1,1,0,2019.08.15,0,0,
,,,,,,,,,,,,,,,,
